endpoint_name,endpoint_type,model_role,n_folds,roc_auc_mean,auprc_mean,brier_mean,roc_auc_sd,auprc_sd,brier_sd
Binarized_response,binary,baseline,3,0.6552706552706552,0.5915099485360923,0.25558251106431845,0.13083717952370405,0.13202136039276885,0.0696898058986716
Binarized_response,binary,selected,3,0.4641500474833808,0.4463187045789385,0.31842656073873726,0.09730589089764387,0.09550988555878147,0.07325679989920514
